chapter_no,block,codes_in_general
15,O30-O48,1349
4,E70-E88,286
15,O60-O77,269
15,O20-O29,260
17,Q65-Q79,255
15,O94-O9A,187
4,E08-E13,172
18,R40-R46,157
15,O85-O92,114
17,Q20-Q28,102
4,E20-E35,99
18,R10-R19,99
15,O10-O16,98
15,O00-O08,94
18,R83-R89,93
17,Q50-Q56,91
3,D80-D89,83
17,Q80-Q89,81
3,D55-D59,79
17,Q90-Q99,74
18,R25-R29,72
16,P00-P04,70
16,P19-P29,70
18,R50-R69,68
16,P50-P61,67
15,O09,64
18,R90-R94,64
17,Q60-Q64,63
17,Q10-Q18,62
3,D70-D77,61
17,Q38-Q45,61
18,R00-R09,58
16,P05-P08,53
4,E50-E64,50
4,E00-E07,48
16,P90-P96,47
17,Q00-Q07,45
16,P10-P15,44
18,R70-R79,44
18,R30-R39,42
3,D65-D69,40
16,P35-P39,34
16,P70-P74,33
17,Q30-Q34,31
3,D60-D64,29
18,R20-R23,26
18,R80-R82,25
3,D50-D53,19
16,P76-P78,19
18,R47-R49,19
4,E65-E68,17
16,P80-P83,17
17,Q35-Q37,16
4,E89,15
17,QA0,13
3,D78,12
4,E15-E16,11
4,E40-E46,8
16,P09,8
4,E36,5
18,R97,5
15,O80-O82,2
